Job Title,Company Name,Company Logo,Location,Source URL,Posted Date
Junior Software Engineer,Halan - حالا,,"Cairo, Cairo, Egypt",https://eg.linkedin.com/jobs/view/junior-software-engineer-at-halan-%D8%AD%D8%A7%D9%84%D8%A7-4209766359?position=1&pageNum=0&refId=OWiKx%2F%2BHpoI1DUuzNnkkhw%3D%3D&trackingId=0mEcNBXcpvZoDx7Wu4jriQ%3D%3D,2025-04-16
Junior Frontend Engineer (Angular),Halan - حالا,,"Cairo, Cairo, Egypt",https://eg.linkedin.com/jobs/view/junior-frontend-engineer-angular-at-halan-%D8%AD%D8%A7%D9%84%D8%A7-4143467146?position=2&pageNum=0&refId=OWiKx%2F%2BHpoI1DUuzNnkkhw%3D%3D&trackingId=SwQWGetxhW9QHPYTIZUUfg%3D%3D,2025-02-04
JavaScript Developer,Nagwa,,"Cairo, Cairo, Egypt",https://eg.linkedin.com/jobs/view/javascript-developer-at-nagwa-4195164446?position=3&pageNum=0&refId=OWiKx%2F%2BHpoI1DUuzNnkkhw%3D%3D&trackingId=wPfxwUdvfIefy9VJKoNEjg%3D%3D,2025-03-27
Front End Developer,SSC HR Solutions,,"Cairo, Cairo, Egypt",https://eg.linkedin.com/jobs/view/front-end-developer-at-ssc-hr-solutions-4225398506?position=4&pageNum=0&refId=OWiKx%2F%2BHpoI1DUuzNnkkhw%3D%3D&trackingId=NaKLPELKInv%2B1Th3QdPKtg%3D%3D,2025-04-12
Operations Executive (Fresh graduates),Majid Al Futtaim,,"Giza, Al Jizah, Egypt",https://eg.linkedin.com/jobs/view/operations-executive-fresh-graduates-at-majid-al-futtaim-4210737975?position=5&pageNum=0&refId=OWiKx%2F%2BHpoI1DUuzNnkkhw%3D%3D&trackingId=BPNa3lWyN6uvI4K%2FmhLDSA%3D%3D,2025-04-21
NodeJs Developer - Jumia (Full Time),Jumia Group,,"Cairo, Cairo, Egypt",https://eg.linkedin.com/jobs/view/nodejs-developer-jumia-full-time-at-jumia-group-4148162575?position=6&pageNum=0&refId=OWiKx%2F%2BHpoI1DUuzNnkkhw%3D%3D&trackingId=8hyD56%2FwqUpk8jn1KSAimw%3D%3D,2025-02-11
Software Developer,Nile University,,"Giza, Al Jizah, Egypt",https://eg.linkedin.com/jobs/view/software-developer-at-nile-university-4221132388?position=7&pageNum=0&refId=OWiKx%2F%2BHpoI1DUuzNnkkhw%3D%3D&trackingId=vbva6qGDOpChGsYqfGYH8w%3D%3D,2025-05-04
Junior Mean Stack Developer,Contellect Technologies Inc.,,"Cairo, Cairo, Egypt",https://eg.linkedin.com/jobs/view/junior-mean-stack-developer-at-contellect-technologies-inc-4225824542?position=8&pageNum=0&refId=OWiKx%2F%2BHpoI1DUuzNnkkhw%3D%3D&trackingId=5%2Bms%2FdeYt3SSqZ0Kl5RYpw%3D%3D,2025-05-11
Junior Java Developer,Advansys,,"Cairo, Cairo, Egypt",https://eg.linkedin.com/jobs/view/junior-java-developer-at-advansys-4224333966?position=9&pageNum=0&refId=OWiKx%2F%2BHpoI1DUuzNnkkhw%3D%3D&trackingId=R5F2Fcauwg1iTtYb6Uam8w%3D%3D,2025-04-11
Software Engineer - Backend (Remote),Lucidya | لوسيديا,,"Cairo, Cairo, Egypt",https://eg.linkedin.com/jobs/view/software-engineer-backend-remote-at-lucidya-%D9%84%D9%88%D8%B3%D9%8A%D8%AF%D9%8A%D8%A7-4225398031?position=10&pageNum=0&refId=OWiKx%2F%2BHpoI1DUuzNnkkhw%3D%3D&trackingId=QGuI%2FpLgSYJOtJi9px09Cw%3D%3D,2025-04-12
Software Engineer,Brightly Software,,"Qesm 2nd New Cairo, Cairo, Egypt",https://eg.linkedin.com/jobs/view/software-engineer-at-brightly-software-4143297316?position=11&pageNum=0&refId=OWiKx%2F%2BHpoI1DUuzNnkkhw%3D%3D&trackingId=ix0hyuJsGJ3ITL%2BXAis6OQ%3D%3D,2025-05-04
Software Engineer,nybl,,"Cairo, Cairo, Egypt",https://eg.linkedin.com/jobs/view/software-engineer-at-nybl-4214458350?position=12&pageNum=0&refId=OWiKx%2F%2BHpoI1DUuzNnkkhw%3D%3D&trackingId=Vxsk%2FTG%2Fd9ndcYxDi5wQBQ%3D%3D,2025-04-23
Python Developer Cairo,A3malouna.com,,"Cairo, Cairo, Egypt",https://eg.linkedin.com/jobs/view/python-developer-cairo-at-a3malouna-com-4215971017?position=13&pageNum=0&refId=OWiKx%2F%2BHpoI1DUuzNnkkhw%3D%3D&trackingId=MP8lN7h6yLIz68JGuULJXw%3D%3D,2025-04-24
Junior NodeJS Developer,Advansys,,"6th of October, Cairo, Egypt",https://eg.linkedin.com/jobs/view/junior-nodejs-developer-at-advansys-4224335786?position=14&pageNum=0&refId=OWiKx%2F%2BHpoI1DUuzNnkkhw%3D%3D&trackingId=CubOaDBGbjiQg2mp8uFTgw%3D%3D,2025-04-11
Full Stack Developer,Nawy,,"Cairo, Cairo, Egypt",https://eg.linkedin.com/jobs/view/full-stack-developer-at-nawy-4225544322?position=15&pageNum=0&refId=OWiKx%2F%2BHpoI1DUuzNnkkhw%3D%3D&trackingId=0YgckavfPcnaua1tjy21rA%3D%3D,2025-04-12
Web Developer,Everest Minds,,"Cairo, Cairo, Egypt",https://eg.linkedin.com/jobs/view/web-developer-at-everest-minds-3831940342?position=16&pageNum=0&refId=OWiKx%2F%2BHpoI1DUuzNnkkhw%3D%3D&trackingId=ITqa%2FjAjzOIYbYfC%2BhTjYw%3D%3D,2024-02-16
Junior Frontend Developer (Angular),Advansys,,"Cairo, Cairo, Egypt",https://eg.linkedin.com/jobs/view/junior-frontend-developer-angular-at-advansys-4224341036?position=17&pageNum=0&refId=OWiKx%2F%2BHpoI1DUuzNnkkhw%3D%3D&trackingId=GtCjQ3X1inkrKzluIPFTDw%3D%3D,2025-04-11
Software Back-End Engineer,MaxAB,,"Cairo, Cairo, Egypt",https://eg.linkedin.com/jobs/view/software-back-end-engineer-at-maxab-4225708796?position=18&pageNum=0&refId=OWiKx%2F%2BHpoI1DUuzNnkkhw%3D%3D&trackingId=oNG8P%2BYG7syAB9K5w7lHTg%3D%3D,2025-05-06
Junior AEC Software Developer,ECG Engineering Consultants Group S.A.,,"Nasr City, Cairo, Egypt",https://eg.linkedin.com/jobs/view/junior-aec-software-developer-at-ecg-engineering-consultants-group-s-a-4125188337?position=19&pageNum=0&refId=OWiKx%2F%2BHpoI1DUuzNnkkhw%3D%3D&trackingId=GqGQzhMgYH9wJbll891AvA%3D%3D,2025-01-16
Backend Developer (.Net Developer),e.construct Fz LLC,,"Cairo, Cairo, Egypt",https://eg.linkedin.com/jobs/view/backend-developer-net-developer-at-e-construct-fz-llc-4206635732?position=20&pageNum=0&refId=OWiKx%2F%2BHpoI1DUuzNnkkhw%3D%3D&trackingId=Kkr967DEBCwaLf%2BHLaTC%2BQ%3D%3D,2025-04-10
Web Developer,Canonical,,"Cairo, Cairo, Egypt",https://eg.linkedin.com/jobs/view/web-developer-at-canonical-4216390937?position=21&pageNum=0&refId=OWiKx%2F%2BHpoI1DUuzNnkkhw%3D%3D&trackingId=nxvPZGhinFKA2qWsoSV%2BQA%3D%3D,2025-04-24
Web Developer,Canonical,,"Cairo, Cairo, Egypt",https://eg.linkedin.com/jobs/view/web-developer-at-canonical-4216391951?position=22&pageNum=0&refId=OWiKx%2F%2BHpoI1DUuzNnkkhw%3D%3D&trackingId=uRF9h4j5Oz51Mwinx%2BnV%2BQ%3D%3D,2025-04-24
Front-End Developer (ReactJS),SWATX,,"Cairo, Cairo, Egypt",https://eg.linkedin.com/jobs/view/front-end-developer-reactjs-at-swatx-4225522243?position=23&pageNum=0&refId=OWiKx%2F%2BHpoI1DUuzNnkkhw%3D%3D&trackingId=Qa2M4omcdteq4A04beSEoA%3D%3D,2025-04-12
Front End Developer,SSC HR Solutions,,"Cairo, Cairo, Egypt",https://eg.linkedin.com/jobs/view/front-end-developer-at-ssc-hr-solutions-4226352078?position=24&pageNum=0&refId=OWiKx%2F%2BHpoI1DUuzNnkkhw%3D%3D&trackingId=yTGxzDHgJEbUu3%2B4z0rg%2BQ%3D%3D,2025-05-08
Junior Java Developer (Microservices),Advansys,,"6th of October, Cairo, Egypt",https://eg.linkedin.com/jobs/view/junior-java-developer-microservices-at-advansys-4224336657?position=25&pageNum=0&refId=OWiKx%2F%2BHpoI1DUuzNnkkhw%3D%3D&trackingId=5QNTlt506vNqtbYxnSf%2FhQ%3D%3D,2025-04-11
Backend Software Engineer,Soum,,"Cairo, Cairo, Egypt",https://eg.linkedin.com/jobs/view/backend-software-engineer-at-soum-4224184350?position=26&pageNum=0&refId=OWiKx%2F%2BHpoI1DUuzNnkkhw%3D%3D&trackingId=gFGLnCUW5Ni1E3wuVq%2Bhug%3D%3D,2025-04-11
Back-end Developer (f/m/x),Yassir,,"Cairo, Cairo, Egypt",https://eg.linkedin.com/jobs/view/back-end-developer-f-m-x-at-yassir-3683193856?position=27&pageNum=0&refId=OWiKx%2F%2BHpoI1DUuzNnkkhw%3D%3D&trackingId=s2lb%2BJVB%2F2RyE%2FkaQnSuVA%3D%3D,2023-08-06
Software Engineer,Siemens Digital Industries Software,,"Qesm 2nd New Cairo, Cairo, Egypt",https://eg.linkedin.com/jobs/view/software-engineer-at-siemens-digital-industries-software-4144130346?position=28&pageNum=0&refId=OWiKx%2F%2BHpoI1DUuzNnkkhw%3D%3D&trackingId=lCIBCj9fnzBcOp8tW5g2Uw%3D%3D,2025-05-05
Software Development Engineer,Siemens EDA (Siemens Digital Industries Software),,"Qesm 2nd New Cairo, Cairo, Egypt",https://eg.linkedin.com/jobs/view/software-development-engineer-at-siemens-eda-siemens-digital-industries-software-4135265405?position=29&pageNum=0&refId=OWiKx%2F%2BHpoI1DUuzNnkkhw%3D%3D&trackingId=1qBGybOzqvIRzHWtllCH5g%3D%3D,2025-05-15
Jr. UX/UI Developer,Misr Technology Services,,"Heliopolis, Cairo, Egypt",https://eg.linkedin.com/jobs/view/jr-ux-ui-developer-at-misr-technology-services-4138413415?position=30&pageNum=0&refId=OWiKx%2F%2BHpoI1DUuzNnkkhw%3D%3D&trackingId=J1cFygBiWHRrjw7F1dHvdQ%3D%3D,2025-01-29
Developer,SWATX,,"Cairo, Cairo, Egypt",https://eg.linkedin.com/jobs/view/developer-at-swatx-4225514552?position=31&pageNum=0&refId=OWiKx%2F%2BHpoI1DUuzNnkkhw%3D%3D&trackingId=NquwAjMYJnefuuxKgoP5%2Bw%3D%3D,2025-04-12
Software Engineer,SSC HR Solutions,,"Cairo, Cairo, Egypt",https://eg.linkedin.com/jobs/view/software-engineer-at-ssc-hr-solutions-4225502174?position=32&pageNum=0&refId=OWiKx%2F%2BHpoI1DUuzNnkkhw%3D%3D&trackingId=HQgoRINWxx76NG1v5szlFg%3D%3D,2025-04-12
Android Developer,Al Ahly Momkn For E-payments,,"Cairo, Cairo, Egypt",https://eg.linkedin.com/jobs/view/android-developer-at-al-ahly-momkn-for-e-payments-4225804163?position=33&pageNum=0&refId=OWiKx%2F%2BHpoI1DUuzNnkkhw%3D%3D&trackingId=U0bV7vMRvb1f3Ev7%2BVORug%3D%3D,2025-05-11
Staff Software Engineer -Backend,talabat,,"Qesm El Maadi, Cairo, Egypt",https://eg.linkedin.com/jobs/view/staff-software-engineer-backend-at-talabat-4230044841?position=34&pageNum=0&refId=OWiKx%2F%2BHpoI1DUuzNnkkhw%3D%3D&trackingId=W2v%2Fc8vqup1PA5bvEafraQ%3D%3D,2025-05-14
PHP Software Engineer - Jumia (Full Time),Jumia Group,,"Cairo, Cairo, Egypt",https://eg.linkedin.com/jobs/view/php-software-engineer-jumia-full-time-at-jumia-group-4202260432?position=35&pageNum=0&refId=OWiKx%2F%2BHpoI1DUuzNnkkhw%3D%3D&trackingId=2F9AZCDmDw8k8BiUD453BQ%3D%3D,2025-04-06
Software Development Engineer,Siemens,,"Qesm 2nd New Cairo, Cairo, Egypt",https://eg.linkedin.com/jobs/view/software-development-engineer-at-siemens-3934556490?position=36&pageNum=0&refId=OWiKx%2F%2BHpoI1DUuzNnkkhw%3D%3D&trackingId=Ul5I0bYeFIrcz%2Fn%2BBenVsA%3D%3D,2025-05-13
Junior Java Developer,Advansys,,"6th of October, Cairo, Egypt",https://eg.linkedin.com/jobs/view/junior-java-developer-at-advansys-4224339281?position=37&pageNum=0&refId=OWiKx%2F%2BHpoI1DUuzNnkkhw%3D%3D&trackingId=vj5sMXDHisqi0N8YJGbBAg%3D%3D,2025-04-11
Full Stack Developer,Arcsen,,"Qesm El Maadi, Cairo, Egypt",https://eg.linkedin.com/jobs/view/full-stack-developer-at-arcsen-4225545341?position=38&pageNum=0&refId=OWiKx%2F%2BHpoI1DUuzNnkkhw%3D%3D&trackingId=1W%2BD26xREUGKSfjtaF731w%3D%3D,2025-04-12
Backend Engineer / C++,blnk,,"Giza, Al Jizah, Egypt",https://eg.linkedin.com/jobs/view/backend-engineer-c%2B%2B-at-blnk-4192373894?position=39&pageNum=0&refId=OWiKx%2F%2BHpoI1DUuzNnkkhw%3D%3D&trackingId=sPl4YsUc1Aqhacuhiw3w1Q%3D%3D,2025-03-27
Junior Software Quality Engineer (Testing),Bosta,,"Cairo, Cairo, Egypt",https://eg.linkedin.com/jobs/view/junior-software-quality-engineer-testing-at-bosta-4194408632?position=40&pageNum=0&refId=OWiKx%2F%2BHpoI1DUuzNnkkhw%3D%3D&trackingId=c2GOXtGpcEw4OsGMpInPQA%3D%3D,2025-03-26
Front-End Developer (Angular),Müller's Solutions,,"Cairo, Cairo, Egypt",https://eg.linkedin.com/jobs/view/front-end-developer-angular-at-m%C3%BCller-s-solutions-4225522776?position=41&pageNum=0&refId=OWiKx%2F%2BHpoI1DUuzNnkkhw%3D%3D&trackingId=i9KAR85GiKwGBGup1EoqJw%3D%3D,2025-04-12
Full-Stack Developer,Dsquares,,"Cairo, Cairo, Egypt",https://eg.linkedin.com/jobs/view/full-stack-developer-at-dsquares-4225539738?position=42&pageNum=0&refId=OWiKx%2F%2BHpoI1DUuzNnkkhw%3D%3D&trackingId=O1RJbp2eHVnMEum5kK%2F59g%3D%3D,2025-04-12
Frontend Developer,Seena Pay,,"Cairo, Egypt",https://eg.linkedin.com/jobs/view/frontend-developer-at-seena-pay-4230520063?position=43&pageNum=0&refId=OWiKx%2F%2BHpoI1DUuzNnkkhw%3D%3D&trackingId=ZE1HOfweIQSiA5sJWG7s0w%3D%3D,2025-05-18
Frontend Software Engineer,Siemens EDA (Siemens Digital Industries Software),,"Qesm 2nd New Cairo, Cairo, Egypt",https://eg.linkedin.com/jobs/view/frontend-software-engineer-at-siemens-eda-siemens-digital-industries-software-4218052862?position=44&pageNum=0&refId=OWiKx%2F%2BHpoI1DUuzNnkkhw%3D%3D&trackingId=KFTMGLKQGPHpD%2B4r29DDog%3D%3D,2025-04-30
Javascript Developer - Remote Work,BairesDev,,"Cairo, Egypt",https://eg.linkedin.com/jobs/view/javascript-developer-remote-work-at-bairesdev-4227636787?position=45&pageNum=0&refId=OWiKx%2F%2BHpoI1DUuzNnkkhw%3D%3D&trackingId=1FcFITjbt9wiTF2IP2YK4g%3D%3D,2025-05-14
Back End Developer,SSC HR Solutions,,"Cairo, Cairo, Egypt",https://eg.linkedin.com/jobs/view/back-end-developer-at-ssc-hr-solutions-4226349693?position=46&pageNum=0&refId=OWiKx%2F%2BHpoI1DUuzNnkkhw%3D%3D&trackingId=0PNGoYRpHhz%2Faq15pCOknw%3D%3D,2025-05-08
Software Engineer II Backend,talabat,,"Qesm El Maadi, Cairo, Egypt",https://eg.linkedin.com/jobs/view/software-engineer-ii-backend-at-talabat-4217589326?position=47&pageNum=0&refId=OWiKx%2F%2BHpoI1DUuzNnkkhw%3D%3D&trackingId=j3LUYmiazQsQSkA%2BcygQxQ%3D%3D,2025-05-06
Software Backend Development Engineer,Siemens Digital Industries Software,,"Qesm 2nd New Cairo, Cairo, Egypt",https://eg.linkedin.com/jobs/view/software-backend-development-engineer-at-siemens-digital-industries-software-4138304877?position=48&pageNum=0&refId=OWiKx%2F%2BHpoI1DUuzNnkkhw%3D%3D&trackingId=gna%2FeC8UpmcufH1P8HHg3A%3D%3D,2025-04-27
Data Analytics & Insights Analyst,Coca-Cola HBC,,"Cairo, Egypt",https://eg.linkedin.com/jobs/view/data-analytics-insights-analyst-at-coca-cola-hbc-4219849303?position=49&pageNum=0&refId=OWiKx%2F%2BHpoI1DUuzNnkkhw%3D%3D&trackingId=7jzuZlvSxYFpS9Eq0OkyEQ%3D%3D,2025-04-30
Backend developer,SSC HR Solutions,,"Cairo, Cairo, Egypt",https://eg.linkedin.com/jobs/view/backend-developer-at-ssc-hr-solutions-4225396708?position=50&pageNum=0&refId=OWiKx%2F%2BHpoI1DUuzNnkkhw%3D%3D&trackingId=NCyy%2FwMZdWKaA8cEsRWTbQ%3D%3D,2025-04-12
Software Development Engineer,Siemens Digital Industries Software,,"Qesm 2nd New Cairo, Cairo, Egypt",https://eg.linkedin.com/jobs/view/software-development-engineer-at-siemens-digital-industries-software-4169519002?position=51&pageNum=0&refId=OWiKx%2F%2BHpoI1DUuzNnkkhw%3D%3D&trackingId=n5oJ2RJ0Xjt8uOssOUHhDw%3D%3D,2025-05-04
SSP - R&D Front End Developer Intern,Siemens,,"Qesm 2nd New Cairo, Cairo, Egypt",https://eg.linkedin.com/jobs/view/ssp-r-d-front-end-developer-intern-at-siemens-4222819563?position=52&pageNum=0&refId=OWiKx%2F%2BHpoI1DUuzNnkkhw%3D%3D&trackingId=nvl4%2BgkKI1GeO%2FlM%2BJN%2F2A%3D%3D,2025-05-06
Software Development Engineer,Siemens Digital Industries Software,,"Qesm 2nd New Cairo, Cairo, Egypt",https://eg.linkedin.com/jobs/view/software-development-engineer-at-siemens-digital-industries-software-4143599542?position=53&pageNum=0&refId=OWiKx%2F%2BHpoI1DUuzNnkkhw%3D%3D&trackingId=%2B2ZROcJWtCOZTxldKfxwjQ%3D%3D,2025-05-03
MySql Database Developer,Müller's Solutions,,"Cairo, Cairo, Egypt",https://eg.linkedin.com/jobs/view/mysql-database-developer-at-m%C3%BCller-s-solutions-4225521658?position=54&pageNum=0&refId=OWiKx%2F%2BHpoI1DUuzNnkkhw%3D%3D&trackingId=Ao3pnoxtnAa%2Bm3HBkehEpA%3D%3D,2025-04-12
Principal Software Engineer,Orascom Investment Holding,,"Cairo, Cairo, Egypt",https://eg.linkedin.com/jobs/view/principal-software-engineer-at-orascom-investment-holding-4212146073?position=55&pageNum=0&refId=OWiKx%2F%2BHpoI1DUuzNnkkhw%3D%3D&trackingId=PggzyTNqoLiJgqRH50Iw0Q%3D%3D,2025-04-17
Mid Frontend Developer,BlackStone eIT,,"Cairo, Cairo, Egypt",https://eg.linkedin.com/jobs/view/mid-frontend-developer-at-blackstone-eit-4225386403?position=56&pageNum=0&refId=OWiKx%2F%2BHpoI1DUuzNnkkhw%3D%3D&trackingId=gP9hbe26mIElVb1Ono%2FRVg%3D%3D,2025-04-12
Junior Business Developer (Hybrid),Bayantech,,"Giza, Al Jizah, Egypt",https://eg.linkedin.com/jobs/view/junior-business-developer-hybrid-at-bayantech-4225867627?position=57&pageNum=0&refId=OWiKx%2F%2BHpoI1DUuzNnkkhw%3D%3D&trackingId=LDVL3FDziwiYcWDu%2FsR7Tw%3D%3D,2025-05-12
Full-Stack Developer (Arabic & English Speaker),SWATX,,"Cairo, Cairo, Egypt",https://eg.linkedin.com/jobs/view/full-stack-developer-arabic-english-speaker-at-swatx-4225517408?position=58&pageNum=0&refId=OWiKx%2F%2BHpoI1DUuzNnkkhw%3D%3D&trackingId=EwUurlH7%2Bi6OgauoNiRhvw%3D%3D,2025-04-12
Frontend Software Developer (Angular),Advansys,,"6th of October, Cairo, Egypt",https://eg.linkedin.com/jobs/view/frontend-software-developer-angular-at-advansys-4224337588?position=59&pageNum=0&refId=OWiKx%2F%2BHpoI1DUuzNnkkhw%3D%3D&trackingId=2mmBpOjhAFr9e0SBNWugxg%3D%3D,2025-04-11
Full Stack Developer,PaxeraHealth,https://media.licdn.com/dms/image/v2/D4E0BAQGNe7ACuzLupw/company-logo_100_100/company-logo_100_100/0/1731432796279/paxerahealthcorp_logo?e=2147483647&v=beta&t=_kEjuLfziNHEeKJm9gHSJPWE0K1g3DRcaXmqlUzkJS4,"Qesm 2nd 6 October, Al Jizah, Egypt",https://eg.linkedin.com/jobs/view/full-stack-developer-at-paxerahealth-4183182143?position=60&pageNum=0&refId=OWiKx%2F%2BHpoI1DUuzNnkkhw%3D%3D&trackingId=AR5sP1YVUPKh1UQQgC3%2BEQ%3D%3D,2025-03-12
Backend Software Engineer,Soum,https://media.licdn.com/dms/image/v2/D4D0BAQHTX4yeYZdyjA/company-logo_100_100/company-logo_100_100/0/1737541455639/soum_sa_logo?e=2147483647&v=beta&t=AtkrjaMqxgkm2PVGG8iLq1QHXZTQAbk4Aix8dMWGF8g,"Cairo, Cairo, Egypt",https://eg.linkedin.com/jobs/view/backend-software-engineer-at-soum-4224184350?position=1&pageNum=2&refId=GmCgk98qziZeZZW7EXURYg%3D%3D&trackingId=0mwD9P4f0%2F8rPhsFC9MZOw%3D%3D,2025-04-11
Back-end Developer (f/m/x),Yassir,https://media.licdn.com/dms/image/v2/D4D0BAQEQn1pDkyWBxA/company-logo_100_100/company-logo_100_100/0/1689455918246/yassir_logo?e=2147483647&v=beta&t=6NKX-k7h597mjdjoQyI-JpuG91gty0SyqTUu1EGVQAA,"Cairo, Cairo, Egypt",https://eg.linkedin.com/jobs/view/back-end-developer-f-m-x-at-yassir-3683193856?position=2&pageNum=2&refId=GmCgk98qziZeZZW7EXURYg%3D%3D&trackingId=SPirQRqDuwERXfFKVVL6hg%3D%3D,2023-08-06
Software Engineer,Siemens Digital Industries Software,,"Qesm 2nd New Cairo, Cairo, Egypt",https://eg.linkedin.com/jobs/view/software-engineer-at-siemens-digital-industries-software-4144130346?position=3&pageNum=2&refId=GmCgk98qziZeZZW7EXURYg%3D%3D&trackingId=FMp18SUSPLPVWbs7JwOldA%3D%3D,2025-05-05
Software Development Engineer,Siemens EDA (Siemens Digital Industries Software),,"Qesm 2nd New Cairo, Cairo, Egypt",https://eg.linkedin.com/jobs/view/software-development-engineer-at-siemens-eda-siemens-digital-industries-software-4135265405?position=4&pageNum=2&refId=GmCgk98qziZeZZW7EXURYg%3D%3D&trackingId=sVIuapqJB9lWZ44FiqNezw%3D%3D,2025-05-15
Jr. UX/UI Developer,Misr Technology Services,,"Heliopolis, Cairo, Egypt",https://eg.linkedin.com/jobs/view/jr-ux-ui-developer-at-misr-technology-services-4138413415?position=5&pageNum=2&refId=GmCgk98qziZeZZW7EXURYg%3D%3D&trackingId=pFZ%2F%2FLrfnYx%2Fd8pXhGmXrA%3D%3D,2025-01-29
Developer,SWATX,,"Cairo, Cairo, Egypt",https://eg.linkedin.com/jobs/view/developer-at-swatx-4225514552?position=6&pageNum=2&refId=GmCgk98qziZeZZW7EXURYg%3D%3D&trackingId=JxX0A4ziyJBsXI5iT%2F6Avw%3D%3D,2025-04-12
Software Engineer,SSC HR Solutions,,"Cairo, Cairo, Egypt",https://eg.linkedin.com/jobs/view/software-engineer-at-ssc-hr-solutions-4225502174?position=7&pageNum=2&refId=GmCgk98qziZeZZW7EXURYg%3D%3D&trackingId=0HJ28NyHvhBRFOrzBs8Xqg%3D%3D,2025-04-12
Android Developer,Al Ahly Momkn For E-payments,,"Cairo, Cairo, Egypt",https://eg.linkedin.com/jobs/view/android-developer-at-al-ahly-momkn-for-e-payments-4225804163?position=8&pageNum=2&refId=GmCgk98qziZeZZW7EXURYg%3D%3D&trackingId=lMd%2Ftxp%2FbO3Z0KcPbSBuEA%3D%3D,2025-05-11
Staff Software Engineer -Backend,talabat,,"Qesm El Maadi, Cairo, Egypt",https://eg.linkedin.com/jobs/view/staff-software-engineer-backend-at-talabat-4230044841?position=9&pageNum=2&refId=GmCgk98qziZeZZW7EXURYg%3D%3D&trackingId=AfcJiJLntfW8GfQE6ZKiiw%3D%3D,2025-05-14
PHP Software Engineer - Jumia (Full Time),Jumia Group,https://media.licdn.com/dms/image/v2/D4D0BAQFr87GzlEEPaQ/company-logo_100_100/company-logo_100_100/0/1733215759541/jumia_group_logo?e=2147483647&v=beta&t=esgH7nqCMbuH23bQF7_W1OGSrpNidr2oDOsDFhxxVBk,"Cairo, Cairo, Egypt",https://eg.linkedin.com/jobs/view/php-software-engineer-jumia-full-time-at-jumia-group-4202260432?position=10&pageNum=2&refId=GmCgk98qziZeZZW7EXURYg%3D%3D&trackingId=AeHnQ1uY%2FcjyxzcRUbttRA%3D%3D,2025-04-06
Software Development Engineer,Siemens Digital Industries Software,https://media.licdn.com/dms/image/v2/D4E0BAQFTiUh1DUJ3fA/company-logo_100_100/company-logo_100_100/0/1719793387652/siemenssoftware_logo?e=2147483647&v=beta&t=o3SrSdxMeP1br7rpKknaX62uVBkomXcqvR0mjnb0kBc,"Qesm 2nd New Cairo, Cairo, Egypt",https://eg.linkedin.com/jobs/view/software-development-engineer-at-siemens-digital-industries-software-4169519002?position=1&pageNum=5&refId=czYYbGMvG0be2gnFGWkVkA%3D%3D&trackingId=VZSbYOkD6mFa7HY4%2B8XlAQ%3D%3D,2025-05-04
SSP - R&D Front End Developer Intern,Siemens,https://media.licdn.com/dms/image/v2/D4D0BAQFK_4wGnzwPTQ/company-logo_100_100/company-logo_100_100/0/1719931174735/siemens_logo?e=2147483647&v=beta&t=iNZVOYYuYOnkz09IBCFrK9Ik8uTqP6ZDnhCEJjPouV4,"Qesm 2nd New Cairo, Cairo, Egypt",https://eg.linkedin.com/jobs/view/ssp-r-d-front-end-developer-intern-at-siemens-4222819563?position=2&pageNum=5&refId=czYYbGMvG0be2gnFGWkVkA%3D%3D&trackingId=ZVw6dlgE8fF18yM%2BXji2Yg%3D%3D,2025-05-06
Software Development Engineer,Siemens Digital Industries Software,,"Qesm 2nd New Cairo, Cairo, Egypt",https://eg.linkedin.com/jobs/view/software-development-engineer-at-siemens-digital-industries-software-4143599542?position=3&pageNum=5&refId=czYYbGMvG0be2gnFGWkVkA%3D%3D&trackingId=9225K6cN0TWGvNtpRUeczw%3D%3D,2025-05-03
MySql Database Developer,Müller's Solutions,,"Cairo, Cairo, Egypt",https://eg.linkedin.com/jobs/view/mysql-database-developer-at-m%C3%BCller-s-solutions-4225521658?position=4&pageNum=5&refId=czYYbGMvG0be2gnFGWkVkA%3D%3D&trackingId=O2w6cD9u0oyeWkZ86tL9%2Bw%3D%3D,2025-04-12
Principal Software Engineer,Orascom Investment Holding,,"Cairo, Cairo, Egypt",https://eg.linkedin.com/jobs/view/principal-software-engineer-at-orascom-investment-holding-4212146073?position=5&pageNum=5&refId=czYYbGMvG0be2gnFGWkVkA%3D%3D&trackingId=LfwnC%2BjsecP85UPsXDozpA%3D%3D,2025-04-17
Mid Frontend Developer,BlackStone eIT,,"Cairo, Cairo, Egypt",https://eg.linkedin.com/jobs/view/mid-frontend-developer-at-blackstone-eit-4225386403?position=6&pageNum=5&refId=czYYbGMvG0be2gnFGWkVkA%3D%3D&trackingId=soshAsAQSnSXUPjAKHnV2A%3D%3D,2025-04-12
Junior Business Developer (Hybrid),Bayantech,,"Giza, Al Jizah, Egypt",https://eg.linkedin.com/jobs/view/junior-business-developer-hybrid-at-bayantech-4225867627?position=7&pageNum=5&refId=czYYbGMvG0be2gnFGWkVkA%3D%3D&trackingId=kjxkDuNPMWQRvqRpKZIwHQ%3D%3D,2025-05-12
Full-Stack Developer (Arabic & English Speaker),SWATX,,"Cairo, Cairo, Egypt",https://eg.linkedin.com/jobs/view/full-stack-developer-arabic-english-speaker-at-swatx-4225517408?position=8&pageNum=5&refId=czYYbGMvG0be2gnFGWkVkA%3D%3D&trackingId=Rfmxnn5lRAGE%2BjGe8VEhcg%3D%3D,2025-04-12
Frontend Software Developer (Angular),Advansys,,"6th of October, Cairo, Egypt",https://eg.linkedin.com/jobs/view/frontend-software-developer-angular-at-advansys-4224337588?position=9&pageNum=5&refId=czYYbGMvG0be2gnFGWkVkA%3D%3D&trackingId=3%2FcEjoPLSp%2FGcjLIhmpjGg%3D%3D,2025-04-11
Full Stack Developer,PaxeraHealth,https://media.licdn.com/dms/image/v2/D4E0BAQGNe7ACuzLupw/company-logo_100_100/company-logo_100_100/0/1731432796279/paxerahealthcorp_logo?e=2147483647&v=beta&t=_kEjuLfziNHEeKJm9gHSJPWE0K1g3DRcaXmqlUzkJS4,"Qesm 2nd 6 October, Al Jizah, Egypt",https://eg.linkedin.com/jobs/view/full-stack-developer-at-paxerahealth-4183182143?position=10&pageNum=5&refId=czYYbGMvG0be2gnFGWkVkA%3D%3D&trackingId=%2BT0qbUtf2sW5s6SY0WFzDA%3D%3D,2025-03-12
Backend Software Engineer (.NET),Money Fellows,https://media.licdn.com/dms/image/v2/C4D0BAQGD3otvaD7ByA/company-logo_100_100/company-logo_100_100/0/1674402131314/moneyfellows_logo?e=2147483647&v=beta&t=zI4mWZPdzcszkDBUkH8y4EWa2zBd4kI96n5Ahg74Qyc,"Cairo, Cairo, Egypt",https://eg.linkedin.com/jobs/view/backend-software-engineer-net-at-money-fellows-4223462894?position=1&pageNum=7&refId=LGqsWUnQ8yUL082bImW7VQ%3D%3D&trackingId=SeHexyPgvuHki2NlE3SIfg%3D%3D,2025-04-10
Staff Software Engineer - Backend,talabat,https://media.licdn.com/dms/image/v2/D4D0BAQGSntKlPakSVw/company-logo_100_100/company-logo_100_100/0/1727791261216/talabat_com_logo?e=2147483647&v=beta&t=Qa_OcI4GI2m0nJht5wHuw0_tQ7jFMbZu2t1sVbx4v_g,"Maadi El Sarayat El Gharbia, Cairo, Egypt",https://eg.linkedin.com/jobs/view/staff-software-engineer-backend-at-talabat-4229116542?position=2&pageNum=7&refId=LGqsWUnQ8yUL082bImW7VQ%3D%3D&trackingId=i9ip2FQSnfUuzjKeaB02cw%3D%3D,2025-05-13
Mid-Level .Net Developer,KnowledgeNet,,"Cairo, Cairo, Egypt",https://eg.linkedin.com/jobs/view/mid-level-net-developer-at-knowledgenet-4215544824?position=3&pageNum=7&refId=LGqsWUnQ8yUL082bImW7VQ%3D%3D&trackingId=tASAVR9B5sZWHhXcEENF5w%3D%3D,2025-04-27
Full Stack PHP (Laravel) Developer Cairo,A3malouna.com,,"Cairo, Cairo, Egypt",https://eg.linkedin.com/jobs/view/full-stack-php-laravel-developer-cairo-at-a3malouna-com-4215966790?position=4&pageNum=7&refId=LGqsWUnQ8yUL082bImW7VQ%3D%3D&trackingId=8DfdPpPKuC2Jddl017Qc4w%3D%3D,2025-04-24
React Native Developer (f/m/d),sonnen Egypt,,"Cairo, Cairo, Egypt",https://eg.linkedin.com/jobs/view/react-native-developer-f-m-d-at-sonnen-egypt-4118159267?position=5&pageNum=7&refId=LGqsWUnQ8yUL082bImW7VQ%3D%3D&trackingId=59E%2BZeuE6E2qz7XVnRJ%2BMQ%3D%3D,2025-05-06
Fullstack Developer - BaniSueif,Classera,,"Cairo, Cairo, Egypt",https://eg.linkedin.com/jobs/view/fullstack-developer-banisueif-at-classera-4216631649?position=6&pageNum=7&refId=LGqsWUnQ8yUL082bImW7VQ%3D%3D&trackingId=74rko0ZcUtd4s%2BvuJe2kRA%3D%3D,2025-04-28
Software Engineer - Solutions Engineering,Canonical,,"Cairo, Cairo, Egypt",https://eg.linkedin.com/jobs/view/software-engineer-solutions-engineering-at-canonical-4219114655?position=7&pageNum=7&refId=LGqsWUnQ8yUL082bImW7VQ%3D%3D&trackingId=Da5zUJB4nlMq86hNfWIYZQ%3D%3D,2025-04-29
Back-End Developer (.NET),Müller's Solutions,,"Cairo, Cairo, Egypt",https://eg.linkedin.com/jobs/view/back-end-developer-net-at-m%C3%BCller-s-solutions-4225523234?position=8&pageNum=7&refId=LGqsWUnQ8yUL082bImW7VQ%3D%3D&trackingId=mOYeb8BUOMYhIHRLI6vxww%3D%3D,2025-04-12
Junior Concept Developer,مفيد ® | MUFEED,,"Cairo, Cairo, Egypt",https://eg.linkedin.com/jobs/view/junior-concept-developer-at-%D9%85%D9%81%D9%8A%D8%AF-%C2%AE-mufeed-4146388406?position=9&pageNum=7&refId=LGqsWUnQ8yUL082bImW7VQ%3D%3D&trackingId=NVZ8EJ31%2FJNTwpzQmnTOWA%3D%3D,2025-02-10
JR BI Developer (Big Data Cluster Management),Advansys,https://media.licdn.com/dms/image/v2/D4D0BAQHJMseSnXrxAQ/company-logo_100_100/company-logo_100_100/0/1732219032679/advansys_esc_logo?e=2147483647&v=beta&t=tstVlPhUEWgCa-7W85J_l9lrvxN0yNv7LU0lRjYe_G0,"6th of October, Cairo, Egypt",https://eg.linkedin.com/jobs/view/jr-bi-developer-big-data-cluster-management-at-advansys-4224339279?position=10&pageNum=7&refId=LGqsWUnQ8yUL082bImW7VQ%3D%3D&trackingId=WC00u9oD1aAlfMj2MH8aHw%3D%3D,2025-04-11
Full Stack Software Engineer,RATP Dev Mobility Cairo,https://media.licdn.com/dms/image/v2/D4D0BAQFnTq-S-2E8wA/company-logo_100_100/B4DZYLlLOwGwAQ-/0/1743951017412/mobility_cairo_logo?e=2147483647&v=beta&t=e46bXXScENVQs2dfL_IDXjDr5Skm9MYsq-JKiXuV0BY,"Cairo, Cairo, Egypt",https://eg.linkedin.com/jobs/view/full-stack-software-engineer-at-ratp-dev-mobility-cairo-4096056661?position=1&pageNum=10&refId=PcFDrunL3lnJv%2FyL8%2BMEcg%3D%3D&trackingId=6fTBlrDuMXY8jnGZmNrX2Q%3D%3D,2025-01-15
English Content Developer,Nagwa,https://media.licdn.com/dms/image/v2/C560BAQH854irfsZsmA/company-logo_100_100/company-logo_100_100/0/1631387731663?e=2147483647&v=beta&t=pg_jq8JDZ5sAZxWhC-Ipc1NfDxyaZ6rJrSvLlLPb66o,"Nasr City, Cairo, Egypt",https://eg.linkedin.com/jobs/view/english-content-developer-at-nagwa-4188879606?position=2&pageNum=10&refId=PcFDrunL3lnJv%2FyL8%2BMEcg%3D%3D&trackingId=cPhnXpG8mtjuIPLu%2BpgkWg%3D%3D,2025-03-19
Backend Developer (.Net),BlackStone eIT,,"Nasr City, Cairo, Egypt",https://eg.linkedin.com/jobs/view/backend-developer-net-at-blackstone-eit-4225383627?position=3&pageNum=10&refId=PcFDrunL3lnJv%2FyL8%2BMEcg%3D%3D&trackingId=gZUQAaoWhffdEnsLXgvCmg%3D%3D,2025-04-12
Junior Android Developer,Advansys,,"6th of October, Cairo, Egypt",https://eg.linkedin.com/jobs/view/junior-android-developer-at-advansys-4223328195?position=4&pageNum=10&refId=PcFDrunL3lnJv%2FyL8%2BMEcg%3D%3D&trackingId=C1qn62ZynhBCCrh57EMVzw%3D%3D,2025-04-12
"Online-Web Developer - C#, .NET, Asp.NET, SQL Server",SamTech Middle East Fz LLC,,"Cairo, Cairo, Egypt",https://eg.linkedin.com/jobs/view/online-web-developer-c%23-net-asp-net-sql-server-at-samtech-middle-east-fz-llc-4061524261?position=5&pageNum=10&refId=PcFDrunL3lnJv%2FyL8%2BMEcg%3D%3D&trackingId=OEQu6fwjPc9U0RR1rCMvgw%3D%3D,2024-10-28
Senior Software Engineer,Payrails,,"Cairo, Cairo, Egypt",https://eg.linkedin.com/jobs/view/senior-software-engineer-at-payrails-4080540051?position=6&pageNum=10&refId=PcFDrunL3lnJv%2FyL8%2BMEcg%3D%3D&trackingId=bkFNvqd5VR9AsISFAxWIqg%3D%3D,2024-11-22
Software Development Engineer II,Amazon,,"Cairo, Cairo, Egypt",https://eg.linkedin.com/jobs/view/software-development-engineer-ii-at-amazon-4173958889?position=7&pageNum=10&refId=PcFDrunL3lnJv%2FyL8%2BMEcg%3D%3D&trackingId=uqL3ggKFU%2FVTLVNgjQOffw%3D%3D,2025-05-08
Software Engineer - Solutions Engineering,Canonical,,"Cairo, Cairo, Egypt",https://eg.linkedin.com/jobs/view/software-engineer-solutions-engineering-at-canonical-4219116802?position=8&pageNum=10&refId=PcFDrunL3lnJv%2FyL8%2BMEcg%3D%3D&trackingId=81sO9iZYEWEjKw8z58Djqg%3D%3D,2025-04-29
Junior Chatbot Developer,Advansys,,"6th of October, Cairo, Egypt",https://eg.linkedin.com/jobs/view/junior-chatbot-developer-at-advansys-4224336649?position=9&pageNum=10&refId=PcFDrunL3lnJv%2FyL8%2BMEcg%3D%3D&trackingId=J8UZOfiv37Z5Phmqi7UQ%2Fw%3D%3D,2025-04-11
Java Software Developer,Advansys,https://media.licdn.com/dms/image/v2/D4D0BAQHJMseSnXrxAQ/company-logo_100_100/company-logo_100_100/0/1732219032679/advansys_esc_logo?e=2147483647&v=beta&t=tstVlPhUEWgCa-7W85J_l9lrvxN0yNv7LU0lRjYe_G0,"6th of October, Cairo, Egypt",https://eg.linkedin.com/jobs/view/java-software-developer-at-advansys-4224339285?position=10&pageNum=10&refId=PcFDrunL3lnJv%2FyL8%2BMEcg%3D%3D&trackingId=2pfrC14BoM6Zo81Ur1V6ZA%3D%3D,2025-04-11
"ML Engineer (General)- Remote, 3-Month Contract, Extendable",SWATX,https://media.licdn.com/dms/image/v2/D560BAQHWugk4yqxbOA/company-logo_100_100/company-logo_100_100/0/1719256637482?e=2147483647&v=beta&t=ht0JfC2BE1qe_5NbrUCUWihYl4_sxodW9GgexPNH_bo,"Cairo, Cairo, Egypt",https://eg.linkedin.com/jobs/view/ml-engineer-general-remote-3-month-contract-extendable-at-swatx-4225519112?position=1&pageNum=12&refId=TjeDsUuM5YekunlSyWwdxA%3D%3D&trackingId=l5fk6XMIzjXn0EgZRF5%2FsA%3D%3D,2025-04-28
Software Engineer - Android Developer,Areeb Technology,https://media.licdn.com/dms/image/v2/D4D0BAQECR1YGUkbmKA/company-logo_100_100/company-logo_100_100/0/1718305298540/areeb_technology_logo?e=2147483647&v=beta&t=YugcL0nhDr4kEPDMth53DSr8e1x_14eYPTDaaKZRg4c,"Cairo, Cairo, Egypt",https://eg.linkedin.com/jobs/view/software-engineer-android-developer-at-areeb-technology-4080297095?position=2&pageNum=12&refId=TjeDsUuM5YekunlSyWwdxA%3D%3D&trackingId=Pva%2BN7TtbPo4ISn3pDDMRQ%3D%3D,2024-11-19
Senior Software Development Engineer,Brightly Software,,"Qesm 2nd New Cairo, Cairo, Egypt",https://eg.linkedin.com/jobs/view/senior-software-development-engineer-at-brightly-software-4141646790?position=3&pageNum=12&refId=TjeDsUuM5YekunlSyWwdxA%3D%3D&trackingId=kOwpQvhnBKfSTZFtwPcTyw%3D%3D,2025-05-01
"Graduate Software Engineer, Open Source and Linux, Canonical Ubuntu",Canonical,,"Cairo, Cairo, Egypt",https://eg.linkedin.com/jobs/view/graduate-software-engineer-open-source-and-linux-canonical-ubuntu-at-canonical-4180960344?position=4&pageNum=12&refId=TjeDsUuM5YekunlSyWwdxA%3D%3D&trackingId=bQIjI%2Fkk6i%2BOOeVM2DcLAA%3D%3D,2025-03-10
"Graduate Software Engineer, Open Source and Linux, Canonical Ubuntu",Canonical,,"Cairo, Cairo, Egypt",https://eg.linkedin.com/jobs/view/graduate-software-engineer-open-source-and-linux-canonical-ubuntu-at-canonical-4180956949?position=5&pageNum=12&refId=TjeDsUuM5YekunlSyWwdxA%3D%3D&trackingId=DiBdowsm3ptoE7ug%2FeWjEA%3D%3D,2025-03-10
Senior Software Developer,FreePL,,"Cairo, Cairo, Egypt",https://eg.linkedin.com/jobs/view/senior-software-developer-at-freepl-4119875388?position=6&pageNum=12&refId=TjeDsUuM5YekunlSyWwdxA%3D%3D&trackingId=%2FHfonrGq7eE2EuiWWbiR4w%3D%3D,2024-12-16
Mobile Developer,Everest Minds,,"Cairo, Cairo, Egypt",https://eg.linkedin.com/jobs/view/mobile-developer-at-everest-minds-3918761746?position=7&pageNum=12&refId=TjeDsUuM5YekunlSyWwdxA%3D%3D&trackingId=42Ryu5ZgohUIjHpgcdLN7Q%3D%3D,2024-05-06
Senior Front-End Developer - Fully Remote,Jari Solutions,,"Cairo, Cairo, Egypt",https://eg.linkedin.com/jobs/view/senior-front-end-developer-fully-remote-at-jari-solutions-4092550611?position=8&pageNum=12&refId=TjeDsUuM5YekunlSyWwdxA%3D%3D&trackingId=vq%2FdJW9jd7DRqbYxj6w8hQ%3D%3D,2024-12-09
.Net Developer,Müller's Solutions,,"Cairo, Cairo, Egypt",https://eg.linkedin.com/jobs/view/net-developer-at-m%C3%BCller-s-solutions-4225515935?position=9&pageNum=12&refId=TjeDsUuM5YekunlSyWwdxA%3D%3D&trackingId=fIq5h%2FIsRSYlDBn9KyyRQA%3D%3D,2025-04-12
Full Stack Engineer,SAQAYA,,"Cairo, Egypt",https://eg.linkedin.com/jobs/view/full-stack-engineer-at-saqaya-4231539082?position=10&pageNum=12&refId=TjeDsUuM5YekunlSyWwdxA%3D%3D&trackingId=tuTaxGjlp%2F7P8HBA9vHRag%3D%3D,2025-05-16
